{
  "Clicking the link: products.php" : {
    "transaction" : "Clicking the link: products.php",
    "sampleCount" : 1447,
    "errorCount" : 2,
    "errorPct" : 0.138217,
    "meanResTime" : 1427.1748445058736,
    "medianResTime" : 1462.0,
    "minResTime" : 8.0,
    "maxResTime" : 86852.0,
    "pct1ResTime" : 1853.4,
    "pct2ResTime" : 2018.0,
    "pct3ResTime" : 2385.8399999999997,
    "throughput" : 3.244896631990151,
    "receivedKBytesPerSec" : 59.06725900419572,
    "sentKBytesPerSec" : 0.44680705577208135
  },
  "Sign Up-0" : {
    "transaction" : "Sign Up-0",
    "sampleCount" : 3064,
    "errorCount" : 0,
    "errorPct" : 0.0,
    "meanResTime" : 1283.2881853785896,
    "medianResTime" : 1446.0,
    "minResTime" : 9.0,
    "maxResTime" : 46166.0,
    "pct1ResTime" : 1910.0,
    "pct2ResTime" : 2090.75,
    "pct3ResTime" : 2660.849999999999,
    "throughput" : 6.879456828265048,
    "receivedKBytesPerSec" : 3.1703528058091446,
    "sentKBytesPerSec" : 5.320829890611248
  },
  "login" : {
    "transaction" : "login",
    "sampleCount" : 3849,
    "errorCount" : 2387,
    "errorPct" : 62.01611,
    "meanResTime" : 1152.1556248376205,
    "medianResTime" : 1357.0,
    "minResTime" : 17.0,
    "maxResTime" : 103469.0,
    "pct1ResTime" : 1905.0,
    "pct2ResTime" : 2202.5,
    "pct3ResTime" : 4354.5,
    "throughput" : 8.615923228967768,
    "receivedKBytesPerSec" : 160.59543872598948,
    "sentKBytesPerSec" : 11.644958739151749
  },
  "shopping/ecommerce-website/cart-add.php-23" : {
    "transaction" : "shopping/ecommerce-website/cart-add.php-23",
    "sampleCount" : 3097,
    "errorCount" : 1631,
    "errorPct" : 52.663868,
    "meanResTime" : 902.618663222472,
    "medianResTime" : 1208.0,
    "minResTime" : 12.0,
    "maxResTime" : 39139.0,
    "pct1ResTime" : 1820.2000000000003,
    "pct2ResTime" : 2051.2999999999997,
    "pct3ResTime" : 2724.02,
    "throughput" : 7.023042018064434,
    "receivedKBytesPerSec" : 7.34276665435499,
    "sentKBytesPerSec" : 3.8026116051687504
  },
  "Sign Up-1" : {
    "transaction" : "Sign Up-1",
    "sampleCount" : 3064,
    "errorCount" : 0,
    "errorPct" : 0.0,
    "meanResTime" : 53.04242819843329,
    "medianResTime" : 9.0,
    "minResTime" : 6.0,
    "maxResTime" : 86241.0,
    "pct1ResTime" : 17.0,
    "pct2ResTime" : 35.0,
    "pct3ResTime" : 105.0,
    "throughput" : 6.881434500601901,
    "receivedKBytesPerSec" : 75.87722358036726,
    "sentKBytesPerSec" : 4.583142899814939
  },
  "Clicking the \"Logout\" button-0" : {
    "transaction" : "Clicking the \"Logout\" button-0",
    "sampleCount" : 1520,
    "errorCount" : 0,
    "errorPct" : 0.0,
    "meanResTime" : 92.26052631578952,
    "medianResTime" : 8.0,
    "minResTime" : 5.0,
    "maxResTime" : 99579.0,
    "pct1ResTime" : 21.90000000000009,
    "pct2ResTime" : 63.80000000000018,
    "pct3ResTime" : 257.6899999999996,
    "throughput" : 3.4422940172024115,
    "receivedKBytesPerSec" : 1.4925615946993203,
    "sentKBytesPerSec" : 1.8623348491505234
  },
  "Clicking the \"Logout\" button-1" : {
    "transaction" : "Clicking the \"Logout\" button-1",
    "sampleCount" : 1520,
    "errorCount" : 0,
    "errorPct" : 0.0,
    "meanResTime" : 35.52039473684223,
    "medianResTime" : 9.0,
    "minResTime" : 6.0,
    "maxResTime" : 23269.0,
    "pct1ResTime" : 18.90000000000009,
    "pct2ResTime" : 43.0,
    "pct3ResTime" : 117.78999999999996,
    "throughput" : 3.441413334118217,
    "receivedKBytesPerSec" : 37.17667633408539,
    "sentKBytesPerSec" : 1.8349723441685026
  },
  "Clicking the \"Logout\" button" : {
    "transaction" : "Clicking the \"Logout\" button",
    "sampleCount" : 3031,
    "errorCount" : 7,
    "errorPct" : 0.23094688,
    "meanResTime" : 139.726822830749,
    "medianResTime" : 15.0,
    "minResTime" : 5.0,
    "maxResTime" : 101195.0,
    "pct1ResTime" : 42.0,
    "pct2ResTime" : 78.40000000000009,
    "pct3ResTime" : 281.67999999999984,
    "throughput" : 6.861393512576203,
    "receivedKBytesPerSec" : 75.61376380668686,
    "sentKBytesPerSec" : 5.520088244798493
  },
  "Clicking the \"Cart\" button" : {
    "transaction" : "Clicking the \"Cart\" button",
    "sampleCount" : 3061,
    "errorCount" : 3,
    "errorPct" : 0.09800719,
    "meanResTime" : 79.5896765762823,
    "medianResTime" : 27.0,
    "minResTime" : 17.0,
    "maxResTime" : 15540.0,
    "pct1ResTime" : 171.0,
    "pct2ResTime" : 277.9000000000001,
    "pct3ResTime" : 580.7600000000002,
    "throughput" : 6.955759009423565,
    "receivedKBytesPerSec" : 138.50383418178367,
    "sentKBytesPerSec" : 7.424457614550739
  },
  "Clicking the \"Cart\" button-1" : {
    "transaction" : "Clicking the \"Cart\" button-1",
    "sampleCount" : 3061,
    "errorCount" : 0,
    "errorPct" : 0.0,
    "meanResTime" : 15.088206468474398,
    "medianResTime" : 9.0,
    "minResTime" : 5.0,
    "maxResTime" : 3895.0,
    "pct1ResTime" : 17.0,
    "pct2ResTime" : 43.0,
    "pct3ResTime" : 100.0,
    "throughput" : 6.959064061583511,
    "receivedKBytesPerSec" : 75.17692055589531,
    "sentKBytesPerSec" : 3.7173906657091607
  },
  "Clicking the \"Add to cart\" button: /cart-add.php?id=1" : {
    "transaction" : "Clicking the \"Add to cart\" button: /cart-add.php?id=1",
    "sampleCount" : 198,
    "errorCount" : 1,
    "errorPct" : 0.5050505,
    "meanResTime" : 94.92424242424245,
    "medianResTime" : 10.0,
    "minResTime" : 7.0,
    "maxResTime" : 15980.0,
    "pct1ResTime" : 17.099999999999994,
    "pct2ResTime" : 35.14999999999995,
    "pct3ResTime" : 453.82999999985736,
    "throughput" : 0.47818694694539976,
    "receivedKBytesPerSec" : 8.704029789175102,
    "sentKBytesPerSec" : 0.25637171276662546
  },
  "Clicking the \"Cart\" button-0" : {
    "transaction" : "Clicking the \"Cart\" button-0",
    "sampleCount" : 3061,
    "errorCount" : 0,
    "errorPct" : 0.0,
    "meanResTime" : 64.3008820646848,
    "medianResTime" : 16.0,
    "minResTime" : 11.0,
    "maxResTime" : 15533.0,
    "pct1ResTime" : 144.80000000000018,
    "pct2ResTime" : 246.80000000000018,
    "pct3ResTime" : 555.7600000000002,
    "throughput" : 6.9559012675601855,
    "receivedKBytesPerSec" : 63.36391310918106,
    "sentKBytesPerSec" : 3.708908293054552
  },
  "Clicking the \"Add to cart\" button: /cart-add.php?id=2" : {
    "transaction" : "Clicking the \"Add to cart\" button: /cart-add.php?id=2",
    "sampleCount" : 193,
    "errorCount" : 1,
    "errorPct" : 0.5181347,
    "meanResTime" : 56.75647668393783,
    "medianResTime" : 10.0,
    "minResTime" : 7.0,
    "maxResTime" : 7677.0,
    "pct1ResTime" : 21.799999999999983,
    "pct2ResTime" : 82.59999999999997,
    "pct3ResTime" : 693.7400000000168,
    "throughput" : 0.4578602506132481,
    "receivedKBytesPerSec" : 8.334040245293291,
    "sentKBytesPerSec" : 0.24547390389323553
  },
  "Clicking the \"Add to cart\" button: /cart-add.php?id=3" : {
    "transaction" : "Clicking the \"Add to cart\" button: /cart-add.php?id=3",
    "sampleCount" : 191,
    "errorCount" : 0,
    "errorPct" : 0.0,
    "meanResTime" : 16.968586387434556,
    "medianResTime" : 10.0,
    "minResTime" : 6.0,
    "maxResTime" : 171.0,
    "pct1ResTime" : 36.0,
    "pct2ResTime" : 55.799999999999955,
    "pct3ResTime" : 154.4399999999997,
    "throughput" : 0.4512113015438041,
    "receivedKBytesPerSec" : 8.213015087377896,
    "sentKBytesPerSec" : 0.2419091841284653
  },
  "Clicking the \"Add to cart\" button: /cart-add.php?id=4" : {
    "transaction" : "Clicking the \"Add to cart\" button: /cart-add.php?id=4",
    "sampleCount" : 195,
    "errorCount" : 0,
    "errorPct" : 0.0,
    "meanResTime" : 23.01538461538462,
    "medianResTime" : 10.0,
    "minResTime" : 7.0,
    "maxResTime" : 767.0,
    "pct1ResTime" : 37.80000000000004,
    "pct2ResTime" : 79.7999999999999,
    "pct3ResTime" : 318.6799999999963,
    "throughput" : 0.4548646019701469,
    "receivedKBytesPerSec" : 8.279513004024968,
    "sentKBytesPerSec" : 0.2438678383609479
  },