{
  "Clicking the link: products.php" : {
    "transaction" : "Clicking the link: products.php",
    "sampleCount" : 1143,
    "errorCount" : 49,
    "errorPct" : 4.286964,
    "meanResTime" : 1000.8705161854778,
    "medianResTime" : 160.0,
    "minResTime" : 8.0,
    "maxResTime" : 22393.0,
    "pct1ResTime" : 1921.2000000000003,
    "pct2ResTime" : 2648.9999999999995,
    "pct3ResTime" : 19687.12,
    "throughput" : 2.2085206775888286,
    "receivedKBytesPerSec" : 40.20197795923414,
    "sentKBytesPerSec" : 0.30410294486330547
  },
  "login" : {
    "transaction" : "login",
    "sampleCount" : 3046,
    "errorCount" : 692,
    "errorPct" : 22.718319,
    "meanResTime" : 1161.7071569271172,
    "medianResTime" : 66.0,
    "minResTime" : 17.0,
    "maxResTime" : 174646.0,
    "pct1ResTime" : 1920.0,
    "pct2ResTime" : 2999.0500000000015,
    "pct3ResTime" : 19887.310000000005,
    "throughput" : 5.003515273369998,
    "receivedKBytesPerSec" : 93.17336369106577,
    "sentKBytesPerSec" : 6.7594307038390395
  },
  "Sign Up-0" : {
    "transaction" : "Sign Up-0",
    "sampleCount" : 2429,
    "errorCount" : 0,
    "errorPct" : 0.0,
    "meanResTime" : 1095.394400988062,
    "medianResTime" : 130.0,
    "minResTime" : 10.0,
    "maxResTime" : 104310.0,
    "pct1ResTime" : 2012.0,
    "pct2ResTime" : 3948.0,
    "pct3ResTime" : 17967.999999999985,
    "throughput" : 4.033945594047895,
    "receivedKBytesPerSec" : 1.859007560534095,
    "sentKBytesPerSec" : 3.1200047953964196
  },
  "shopping/ecommerce-website/cart-add.php-23" : {
    "transaction" : "shopping/ecommerce-website/cart-add.php-23",
    "sampleCount" : 2434,
    "errorCount" : 542,
    "errorPct" : 22.267872,
    "meanResTime" : 994.5936729663101,
    "medianResTime" : 39.0,
    "minResTime" : 12.0,
    "maxResTime" : 176508.0,
    "pct1ResTime" : 1892.5,
    "pct2ResTime" : 2630.25,
    "pct3ResTime" : 19624.250000000007,
    "throughput" : 4.149653485180418,
    "receivedKBytesPerSec" : 4.33700437565531,
    "sentKBytesPerSec" : 2.2468387981519213
  },
  "Sign Up-1" : {
    "transaction" : "Sign Up-1",
    "sampleCount" : 2429,
    "errorCount" : 0,
    "errorPct" : 0.0,
    "meanResTime" : 105.27377521613832,
    "medianResTime" : 9.0,
    "minResTime" : 6.0,
    "maxResTime" : 216515.0,
    "pct1ResTime" : 24.0,
    "pct2ResTime" : 56.0,
    "pct3ResTime" : 157.89999999999873,
    "throughput" : 4.034240386915043,
    "receivedKBytesPerSec" : 44.46563838293644,
    "sentKBytesPerSec" : 2.6868671326914644
  },
  "Clicking the \"Logout\" button-0" : {
    "transaction" : "Clicking the \"Logout\" button-0",
    "sampleCount" : 1205,
    "errorCount" : 0,
    "errorPct" : 0.0,
    "meanResTime" : 146.54771784232364,
    "medianResTime" : 8.0,
    "minResTime" : 5.0,
    "maxResTime" : 36285.0,
    "pct1ResTime" : 19.0,
    "pct2ResTime" : 49.700000000000045,
    "pct3ResTime" : 278.8800000000001,
    "throughput" : 2.3599732862774894,
    "receivedKBytesPerSec" : 1.0232696670968804,
    "sentKBytesPerSec" : 1.27678242245872
  },
  "Clicking the \"Logout\" button-1" : {
    "transaction" : "Clicking the \"Logout\" button-1",
    "sampleCount" : 1205,
    "errorCount" : 0,
    "errorPct" : 0.0,
    "meanResTime" : 14.875518672199135,
    "medianResTime" : 9.0,
    "minResTime" : 6.0,
    "maxResTime" : 510.0,
    "pct1ResTime" : 22.0,
    "pct2ResTime" : 45.0,
    "pct3ResTime" : 125.76000000000022,
    "throughput" : 2.359991774302529,
    "receivedKBytesPerSec" : 25.494364264975175,
    "sentKBytesPerSec" : 1.2583549890324033
  },
  "Clicking the \"Logout\" button" : {
    "transaction" : "Clicking the \"Logout\" button",
    "sampleCount" : 2405,
    "errorCount" : 21,
    "errorPct" : 0.87318087,
    "meanResTime" : 316.4582120582119,
    "medianResTime" : 15.0,
    "minResTime" : 6.0,
    "maxResTime" : 171219.0,
    "pct1ResTime" : 46.0,
    "pct2ResTime" : 86.69999999999982,
    "pct3ResTime" : 459.8800000000001,
    "throughput" : 4.690239426484153,
    "receivedKBytesPerSec" : 51.64642426530958,
    "sentKBytesPerSec" : 3.7722496889425408
  },
  "Clicking the \"Cart\" button" : {
    "transaction" : "Clicking the \"Cart\" button",
    "sampleCount" : 2390,
    "errorCount" : 34,
    "errorPct" : 1.4225942,
    "meanResTime" : 595.6163179916316,
    "medianResTime" : 29.0,
    "minResTime" : 17.0,
    "maxResTime" : 208662.0,
    "pct1ResTime" : 232.9000000000001,
    "pct2ResTime" : 393.0,
    "pct3ResTime" : 10798.380000000012,
    "throughput" : 4.097784453108658,
    "receivedKBytesPerSec" : 81.4784368827605,
    "sentKBytesPerSec" : 4.371157054554542
  },
  "Clicking the \"Add to cart\" button: /cart-add.php?id=1" : {
    "transaction" : "Clicking the \"Add to cart\" button: /cart-add.php?id=1",
    "sampleCount" : 141,
    "errorCount" : 2,
    "errorPct" : 1.4184397,
    "meanResTime" : 208.73049645390063,
    "medianResTime" : 10.0,
    "minResTime" : 7.0,
    "maxResTime" : 17055.0,
    "pct1ResTime" : 46.19999999999999,
    "pct2ResTime" : 57.70000000000002,
    "pct3ResTime" : 14052.42000000009,
    "throughput" : 0.28663138999961374,
    "receivedKBytesPerSec" : 5.217307107619923,
    "sentKBytesPerSec" : 0.1536724932712773
  },
  "Clicking the \"Cart\" button-1" : {
    "transaction" : "Clicking the \"Cart\" button-1",
    "sampleCount" : 2387,
    "errorCount" : 0,
    "errorPct" : 0.0,
    "meanResTime" : 103.97695852534562,
    "medianResTime" : 9.0,
    "minResTime" : 6.0,
    "maxResTime" : 130088.0,
    "pct1ResTime" : 21.0,
    "pct2ResTime" : 50.0,
    "pct3ResTime" : 161.1199999999999,
    "throughput" : 4.092858330861387,
    "receivedKBytesPerSec" : 44.19650301306045,
    "sentKBytesPerSec" : 2.186321784161307
  },
  "Clicking the \"Cart\" button-0" : {
    "transaction" : "Clicking the \"Cart\" button-0",
    "sampleCount" : 2387,
    "errorCount" : 0,
    "errorPct" : 0.0,
    "meanResTime" : 270.4914118139928,
    "medianResTime" : 17.0,
    "minResTime" : 11.0,
    "maxResTime" : 86333.0,
    "pct1ResTime" : 200.20000000000027,
    "pct2ResTime" : 342.59999999999945,
    "pct3ResTime" : 10292.199999999988,
    "throughput" : 4.734833457638415,
    "receivedKBytesPerSec" : 43.13137352817493,
    "sentKBytesPerSec" : 2.524627995967358
  },
  "Clicking the \"Add to cart\" button: /cart-add.php?id=2" : {
    "transaction" : "Clicking the \"Add to cart\" button: /cart-add.php?id=2",
    "sampleCount" : 127,
    "errorCount" : 1,
    "errorPct" : 0.78740156,
    "meanResTime" : 173.00000000000006,
    "medianResTime" : 10.0,
    "minResTime" : 8.0,
    "maxResTime" : 18976.0,
    "pct1ResTime" : 45.0,
    "pct2ResTime" : 97.79999999999984,
    "pct3ResTime" : 13785.919999999978,
    "throughput" : 0.26567425825629826,
    "receivedKBytesPerSec" : 4.835842284803851,
    "sentKBytesPerSec" : 0.14243668728780054
  },
  "Clicking the \"Add to cart\" button: /cart-add.php?id=3" : {
    "transaction" : "Clicking the \"Add to cart\" button: /cart-add.php?id=3",
    "sampleCount" : 153,
    "errorCount" : 2,
    "errorPct" : 1.3071896,
    "meanResTime" : 199.05228758169935,
    "medianResTime" : 10.0,
    "minResTime" : 7.0,
    "maxResTime" : 17952.0,
    "pct1ResTime" : 37.39999999999995,
    "pct2ResTime" : 63.499999999999915,
    "pct3ResTime" : 13648.740000000063,
    "throughput" : 0.31052496986081174,
    "receivedKBytesPerSec" : 5.65222159495671,
    "sentKBytesPerSec" : 0.16648262544295472
  },
  "Clicking the \"Add to cart\" button: /cart-add.php?id=4" : {
    "transaction" : "Clicking the \"Add to cart\" button: /cart-add.php?id=4",
    "sampleCount" : 144,
    "errorCount" : 4,
    "errorPct" : 2.7777777,
    "meanResTime" : 336.7291666666666,
    "medianResTime" : 10.0,
    "minResTime" : 7.0,
    "maxResTime" : 19850.0,
    "pct1ResTime" : 25.5,
    "pct2ResTime" : 76.75,
    "pct3ResTime" : 15120.05000000012,
    "throughput" : 0.30865851436655345,
    "receivedKBytesPerSec" : 5.618248094998231,
    "sentKBytesPerSec" : 0.16548195740941193
  },