{
  "Total" : {
    "transaction" : "Total",
    "sampleCount" : 17368,
    "errorCount" : 8851,
    "errorPct" : 50.96154,
    "meanResTime" : 195.0703017042834,
    "medianResTime" : 151.0,
    "minResTime" : 96.0,
    "maxResTime" : 38895.0,
    "pct1ResTime" : 331.0,
    "pct2ResTime" : 423.0,
    "pct3ResTime" : 602.3100000000013,
    "throughput" : 96.48084881815404,
    "receivedKBytesPerSec" : 122.8999254402411,
    "sentKBytesPerSec" : 12.277676947059968
  },
  "HTTP Request (page ID = 0)" : {
    "transaction" : "HTTP Request (page ID = 0)",
    "sampleCount" : 1458,
    "errorCount" : 36,
    "errorPct" : 2.4691358,
    "meanResTime" : 193.04458161865577,
    "medianResTime" : 150.0,
    "minResTime" : 100.0,
    "maxResTime" : 1902.0,
    "pct1ResTime" : 336.10000000000014,
    "pct2ResTime" : 429.04999999999995,
    "pct3ResTime" : 602.2300000000002,
    "throughput" : 8.104367353518285,
    "receivedKBytesPerSec" : 15.002789697781584,
    "sentKBytesPerSec" : 1.0051314979461154
  },
  "HTTP Request (page ID = 1)" : {
    "transaction" : "HTTP Request (page ID = 1)",
    "sampleCount" : 1458,
    "errorCount" : 43,
    "errorPct" : 2.9492455,
    "meanResTime" : 195.57544581618643,
    "medianResTime" : 152.0,
    "minResTime" : 96.0,
    "maxResTime" : 1788.0,
    "pct1ResTime" : 337.3000000000004,
    "pct2ResTime" : 424.0999999999999,
    "pct3ResTime" : 589.6400000000003,
    "throughput" : 8.103421444609946,
    "receivedKBytesPerSec" : 15.006786502564971,
    "sentKBytesPerSec" : 1.0050141830717414
  },
  "HTTP Request (page = 3333333)" : {
    "transaction" : "HTTP Request (page = 3333333)",
    "sampleCount" : 2874,
    "errorCount" : 2874,
    "errorPct" : 100.0,
    "meanResTime" : 192.0066109951291,
    "medianResTime" : 149.0,
    "minResTime" : 99.0,
    "maxResTime" : 1902.0,
    "pct1ResTime" : 328.0,
    "pct2ResTime" : 419.25,
    "pct3ResTime" : 665.75,
    "throughput" : 15.965336221981502,
    "receivedKBytesPerSec" : 17.168322995653142,
    "sentKBytesPerSec" : 2.0736227710190818
  },
  "HTTP Request (page ID = 2)" : {
    "transaction" : "HTTP Request (page ID = 2)",
    "sampleCount" : 1458,
    "errorCount" : 40,
    "errorPct" : 2.7434843,
    "meanResTime" : 191.25925925925955,
    "medianResTime" : 150.5,
    "minResTime" : 101.0,
    "maxResTime" : 1147.0,
    "pct1ResTime" : 317.10000000000014,
    "pct2ResTime" : 431.0,
    "pct3ResTime" : 581.4100000000001,
    "throughput" : 8.184941504053173,
    "receivedKBytesPerSec" : 15.466990858604854,
    "sentKBytesPerSec" : 1.0151245810690948
  },
  "HTTP Request (page ID = 3)" : {
    "transaction" : "HTTP Request (page ID = 3)",
    "sampleCount" : 1458,
    "errorCount" : 31,
    "errorPct" : 2.1262002,
    "meanResTime" : 192.8120713305899,
    "medianResTime" : 152.0,
    "minResTime" : 101.0,
    "maxResTime" : 1160.0,
    "pct1ResTime" : 331.2000000000003,
    "pct2ResTime" : 416.14999999999986,
    "pct3ResTime" : 595.2800000000007,
    "throughput" : 8.192023733270403,
    "receivedKBytesPerSec" : 8.768919780464438,
    "sentKBytesPerSec" : 1.0160029434817786
  },
  "HTTP Request (page ID = 4)" : {
    "transaction" : "HTTP Request (page ID = 4)",
    "sampleCount" : 1458,
    "errorCount" : 44,
    "errorPct" : 3.0178328,
    "meanResTime" : 194.40603566529518,
    "medianResTime" : 151.0,
    "minResTime" : 98.0,
    "maxResTime" : 1030.0,
    "pct1ResTime" : 330.10000000000014,
    "pct2ResTime" : 430.0999999999999,
    "pct3ResTime" : 685.1200000000026,
    "throughput" : 8.190137007847476,
    "receivedKBytesPerSec" : 8.770948650495171,
    "sentKBytesPerSec" : 1.0157689453092085
  },
  "HTTP Request (page ID = 5)" : {
    "transaction" : "HTTP Request (page ID = 5)",
    "sampleCount" : 1457,
    "errorCount" : 36,
    "errorPct" : 2.4708304,
    "meanResTime" : 193.61015785861326,
    "medianResTime" : 152.0,
    "minResTime" : 103.0,
    "maxResTime" : 1317.0,
    "pct1ResTime" : 331.20000000000005,
    "pct2ResTime" : 426.0999999999999,
    "pct3ResTime" : 620.9400000000005,
    "throughput" : 8.202858896189076,
    "receivedKBytesPerSec" : 8.791575091768427,
    "sentKBytesPerSec" : 1.017346757632825
  },
  "HTTP Request (page = 444325465)" : {
    "transaction" : "HTTP Request (page = 444325465)",
    "sampleCount" : 2874,
    "errorCount" : 2874,
    "errorPct" : 100.0,
    "meanResTime" : 192.33576896311777,
    "medianResTime" : 151.0,
    "minResTime" : 101.0,
    "maxResTime" : 1813.0,
    "pct1ResTime" : 324.5,
    "pct2ResTime" : 419.0,
    "pct3ResTime" : 617.5,
    "throughput" : 15.96932822137023,
    "receivedKBytesPerSec" : 17.23228285443407,
    "sentKBytesPerSec" : 2.105331357309552
  },
  "HTTP Request (page = 1000000)" : {
    "transaction" : "HTTP Request (page = 1000000)",
    "sampleCount" : 2873,
    "errorCount" : 2873,
    "errorPct" : 100.0,
    "meanResTime" : 205.79986077271133,
    "medianResTime" : 150.0,
    "minResTime" : 101.0,
    "maxResTime" : 38895.0,
    "pct1ResTime" : 337.0,
    "pct2ResTime" : 421.2999999999997,
    "pct3ResTime" : 598.5599999999986,
    "throughput" : 16.133198562443848,
    "receivedKBytesPerSec" : 17.37448254471305,
    "sentKBytesPerSec" : 2.095425203911163
  }
}