{
  "Clicking the link: products.php" : {
    "transaction" : "Clicking the link: products.php",
    "sampleCount" : 2505,
    "errorCount" : 311,
    "errorPct" : 12.41517,
    "meanResTime" : 1453.0726546906174,
    "medianResTime" : 138.0,
    "minResTime" : 9.0,
    "maxResTime" : 271229.0,
    "pct1ResTime" : 3307.200000000001,
    "pct2ResTime" : 4202.899999999997,
    "pct3ResTime" : 10166.82,
    "throughput" : 2.2520619177678243,
    "receivedKBytesPerSec" : 40.91528080059902,
    "sentKBytesPerSec" : 0.31009836953638986
  },
  "Sign Up-0" : {
    "transaction" : "Sign Up-0",
    "sampleCount" : 5039,
    "errorCount" : 0,
    "errorPct" : 0.0,
    "meanResTime" : 1344.161143083945,
    "medianResTime" : 183.0,
    "minResTime" : 9.0,
    "maxResTime" : 74411.0,
    "pct1ResTime" : 4302.0,
    "pct2ResTime" : 5270.0,
    "pct3ResTime" : 9456.600000000051,
    "throughput" : 4.737055354639899,
    "receivedKBytesPerSec" : 2.1830641516590976,
    "sentKBytesPerSec" : 3.663816250854296
  },
  "login" : {
    "transaction" : "login",
    "sampleCount" : 6417,
    "errorCount" : 1865,
    "errorPct" : 29.063425,
    "meanResTime" : 1353.486520180767,
    "medianResTime" : 141.0,
    "minResTime" : 18.0,
    "maxResTime" : 259183.0,
    "pct1ResTime" : 3634.999999999999,
    "pct2ResTime" : 5086.0,
    "pct3ResTime" : 9942.899999999987,
    "throughput" : 5.670917129669316,
    "receivedKBytesPerSec" : 105.6389955406261,
    "sentKBytesPerSec" : 7.662913453283202
  },
  "shopping/ecommerce-website/cart-add.php-23" : {
    "transaction" : "shopping/ecommerce-website/cart-add.php-23",
    "sampleCount" : 5017,
    "errorCount" : 1282,
    "errorPct" : 25.55312,
    "meanResTime" : 1122.3966513852895,
    "medianResTime" : 102.0,
    "minResTime" : 13.0,
    "maxResTime" : 149041.0,
    "pct1ResTime" : 3292.7999999999993,
    "pct2ResTime" : 4790.799999999996,
    "pct3ResTime" : 10148.019999999997,
    "throughput" : 4.5430343158916555,
    "receivedKBytesPerSec" : 4.749606137737158,
    "sentKBytesPerSec" : 2.4598095162284213
  },
  "Sign Up-1" : {
    "transaction" : "Sign Up-1",
    "sampleCount" : 5039,
    "errorCount" : 0,
    "errorPct" : 0.0,
    "meanResTime" : 83.92458821194688,
    "medianResTime" : 9.0,
    "minResTime" : 6.0,
    "maxResTime" : 188436.0,
    "pct1ResTime" : 64.0,
    "pct2ResTime" : 151.0,
    "pct3ResTime" : 398.60000000000036,
    "throughput" : 4.667642372818556,
    "receivedKBytesPerSec" : 51.457446892426084,
    "sentKBytesPerSec" : 3.1087227522092333
  },
  "Clicking the \"Logout\" button-0" : {
    "transaction" : "Clicking the \"Logout\" button-0",
    "sampleCount" : 2280,
    "errorCount" : 0,
    "errorPct" : 0.0,
    "meanResTime" : 78.59035087719289,
    "medianResTime" : 8.0,
    "minResTime" : 5.0,
    "maxResTime" : 33542.0,
    "pct1ResTime" : 29.0,
    "pct2ResTime" : 84.0,
    "pct3ResTime" : 305.19000000000005,
    "throughput" : 2.155863238844117,
    "receivedKBytesPerSec" : 0.9347697496101954,
    "sentKBytesPerSec" : 1.1663556975777742
  },
  "Clicking the \"Logout\" button-1" : {
    "transaction" : "Clicking the \"Logout\" button-1",
    "sampleCount" : 2280,
    "errorCount" : 0,
    "errorPct" : 0.0,
    "meanResTime" : 223.6228070175439,
    "medianResTime" : 9.0,
    "minResTime" : 6.0,
    "maxResTime" : 244870.0,
    "pct1ResTime" : 28.0,
    "pct2ResTime" : 68.89999999999964,
    "pct3ResTime" : 192.66000000000076,
    "throughput" : 2.0649704926584866,
    "receivedKBytesPerSec" : 22.288777024056,
    "sentKBytesPerSec" : 1.1010487197182945
  },
  "Clicking the \"Logout\" button" : {
    "transaction" : "Clicking the \"Logout\" button",
    "sampleCount" : 4457,
    "errorCount" : 15,
    "errorPct" : 0.33654925,
    "meanResTime" : 366.1263181512231,
    "medianResTime" : 16.0,
    "minResTime" : 6.0,
    "maxResTime" : 244878.0,
    "pct1ResTime" : 70.0,
    "pct2ResTime" : 139.09999999999945,
    "pct3ResTime" : 420.78000000000065,
    "throughput" : 4.0105965413666445,
    "receivedKBytesPerSec" : 44.168910976139784,
    "sentKBytesPerSec" : 3.248431982842709
  },
  "Clicking the \"Cart\" button" : {
    "transaction" : "Clicking the \"Cart\" button",
    "sampleCount" : 4257,
    "errorCount" : 20,
    "errorPct" : 0.46981442,
    "meanResTime" : 690.2088325111586,
    "medianResTime" : 38.0,
    "minResTime" : 18.0,
    "maxResTime" : 247673.0,
    "pct1ResTime" : 473.0,
    "pct2ResTime" : 963.5999999999995,
    "pct3ResTime" : 2131.600000000002,
    "throughput" : 3.9575371234087813,
    "receivedKBytesPerSec" : 78.71086178403857,
    "sentKBytesPerSec" : 4.222717298490521
  },
  "Clicking the \"Cart\" button-1" : {
    "transaction" : "Clicking the \"Cart\" button-1",
    "sampleCount" : 4254,
    "errorCount" : 0,
    "errorPct" : 0.0,
    "meanResTime" : 280.3255759285379,
    "medianResTime" : 9.0,
    "minResTime" : 6.0,
    "maxResTime" : 247549.0,
    "pct1ResTime" : 31.0,
    "pct2ResTime" : 87.0,
    "pct3ResTime" : 287.7999999999993,
    "throughput" : 3.95482169369376,
    "receivedKBytesPerSec" : 42.68480623384116,
    "sentKBytesPerSec" : 2.112585416455554
  },
  "Clicking the \"Add to cart\" button: /cart-add.php?id=1" : {
    "transaction" : "Clicking the \"Add to cart\" button: /cart-add.php?id=1",
    "sampleCount" : 263,
    "errorCount" : 4,
    "errorPct" : 1.5209125,
    "meanResTime" : 1505.5209125475285,
    "medianResTime" : 10.0,
    "minResTime" : 8.0,
    "maxResTime" : 240274.0,
    "pct1ResTime" : 54.599999999999994,
    "pct2ResTime" : 164.7999999999999,
    "pct3ResTime" : 53613.04000000199,
    "throughput" : 0.23947036076255376,
    "receivedKBytesPerSec" : 4.3267556213504665,
    "sentKBytesPerSec" : 0.1283879180260176
  },
  "Clicking the \"Cart\" button-0" : {
    "transaction" : "Clicking the \"Cart\" button-0",
    "sampleCount" : 4254,
    "errorCount" : 0,
    "errorPct" : 0.0,
    "meanResTime" : 257.94640338504854,
    "medianResTime" : 22.0,
    "minResTime" : 11.0,
    "maxResTime" : 92562.0,
    "pct1ResTime" : 417.5,
    "pct2ResTime" : 883.5,
    "pct3ResTime" : 1828.9999999999964,
    "throughput" : 4.023395087183019,
    "receivedKBytesPerSec" : 36.65061646955593,
    "sentKBytesPerSec" : 2.1452868335956325
  },
  "Clicking the \"Add to cart\" button: /cart-add.php?id=2" : {
    "transaction" : "Clicking the \"Add to cart\" button: /cart-add.php?id=2",
    "sampleCount" : 286,
    "errorCount" : 0,
    "errorPct" : 0.0,
    "meanResTime" : 27.968531468531474,
    "medianResTime" : 10.0,
    "minResTime" : 7.0,
    "maxResTime" : 719.0,
    "pct1ResTime" : 51.40000000000009,
    "pct2ResTime" : 128.24999999999943,
    "pct3ResTime" : 357.3299999999998,
    "throughput" : 0.2728169398333718,
    "receivedKBytesPerSec" : 4.965855366659767,
    "sentKBytesPerSec" : 0.14626611325050892
  },
  "Clicking the \"Add to cart\" button: /cart-add.php?id=3" : {
    "transaction" : "Clicking the \"Add to cart\" button: /cart-add.php?id=3",
    "sampleCount" : 276,
    "errorCount" : 0,
    "errorPct" : 0.0,
    "meanResTime" : 24.999999999999993,
    "medianResTime" : 10.0,
    "minResTime" : 7.0,
    "maxResTime" : 426.0,
    "pct1ResTime" : 29.800000000000068,
    "pct2ResTime" : 139.44999999999993,
    "pct3ResTime" : 352.87000000000126,
    "throughput" : 0.2661500526996391,
    "receivedKBytesPerSec" : 4.8445027658872775,
    "sentKBytesPerSec" : 0.1426917763008807
  },
  "Clicking the \"Add to cart\" button: /cart-add.php?id=4" : {
    "transaction" : "Clicking the \"Add to cart\" button: /cart-add.php?id=4",
    "sampleCount" : 280,
    "errorCount" : 1,
    "errorPct" : 0.35714287,
    "meanResTime" : 140.78928571428574,
    "medianResTime" : 10.0,
    "minResTime" : 6.0,
    "maxResTime" : 33464.0,
    "pct1ResTime" : 37.80000000000001,
    "pct2ResTime" : 86.69999999999993,
    "pct3ResTime" : 276.1299999999997,
    "throughput" : 0.27506451736492127,
    "receivedKBytesPerSec" : 5.006765174965593,